{"cameraMode":{"drawMode":0,"name":"Shaded","section":"Shading Mode"},"sceneLighting":true,"audioPlay":false,"sceneViewState":{"m_AlwaysRefresh":false,"showFog":true,"showSkybox":true,"showFlares":true,"showImageEffects":true,"showParticleSystems":true,"showVisualEffectGraphs":true,"m_FxEnabled":true},"in2DMode":false,"pivot":{"x":2.3443093299865724,"y":-0.38903379440307619,"z":-7.519106864929199},"rotation":{"x":-0.5998842120170593,"y":-0.17765051126480103,"z":0.13881021738052369,"w":-0.7676811218261719},"size":11.715171813964844,"orthographic":false}